date,autoflush,manualflush,intervension,totalflush,failedflush,,,,,,
02-08-2022,32980,254,42,33234,27,,,,,,
27-08-2024,27740,479,67,28219,35,,,,,,
28-10-2022,31343,38,14,31381,3,,,,,,
25-02-2024,30171,198,91,30369,30,,,,,,
02-01-2024,27768,446,44,28214,5,,,,,,
31-07-2023,30654,70,13,30724,1,,,,,,
01-09-2022,34288,193,4,34481,0,,,,,,
29-04-2022,36181,362,57,36543,10,,,,,,
24-03-2023,36615,265,63,36880,23,,,,,,
02-08-2024,25474,179,13,25653,1,,,,,,
17-01-2023,38910,498,79,39408,21,,,,,,
25-07-2022,24732,426,5,25158,0,,,,,,
06-11-2023,22816,395,27,23211,1,,,,,,
25-08-2024,23574,247,61,23821,17,,,,,,
11-10-2024,24897,137,4,25034,0,,,,,,
05-09-2023,36498,299,100,36797,34,,,,,,
19-09-2023,27314,60,12,27374,0,,,,,,
16-04-2024,28091,127,12,28218,0,,,,,,
03-10-2022,35391,429,6,35820,0,,,,,,
18-01-2024,30098,156,16,30254,7,,,,,,
05-04-2024,28483,213,51,28696,24,,,,,,
10-05-2022,32263,302,6,32565,0,,,,,,
10-05-2024,28101,156,26,28257,0,,,,,,
10-06-2023,30565,182,22,30747,0,,,,,,
04-08-2024,25792,56,48,25848,10,,,,,,
29-07-2022,30648,402,27,31050,0,,,,,,
19-02-2022,22748,423,81,23171,27,,,,,,
16-04-2023,27884,384,99,28268,0,,,,,,
30-07-2023,39026,379,22,39405,0,,,,,,
12-01-2022,39998,336,88,40334,24,,,,,,
05-06-2023,24250,281,89,24531,2,,,,,,
27-12-2023,37659,68,3,37727,0,,,,,,
13-06-2023,20772,61,12,20833,0,,,,,,
21-09-2023,27417,9,0,27426,0,,,,,,
06-03-2023,24932,404,94,25336,37,,,,,,
07-11-2022,33311,172,14,33483,0,,,,,,
07-06-2022,35569,242,12,35811,0,,,,,,
24-08-2022,39587,10,0,39597,0,,,,,,
06-05-2023,37148,31,0,37179,0,,,,,,
01-02-2022,31190,167,76,31357,10,,,,,,
18-06-2024,32994,145,84,33139,24,,,,,,
29-09-2024,27543,19,0,27562,0,,,,,,
06-09-2024,28649,441,61,29090,1,,,,,,
04-11-2022,22950,443,47,23393,17,,,,,,
30-08-2024,24859,362,2,25221,0,,,,,,
17-04-2023,22004,122,24,22126,12,,,,,,
19-04-2022,24858,23,0,24881,0,,,,,,
05-03-2024,29116,207,70,29323,10,,,,,,
21-12-2022,29033,9,0,29042,0,,,,,,
29-01-2024,31038,27,0,31065,0,,,,,,
16-12-2023,23664,178,33,23842,0,,,,,,
24-10-2023,32590,409,13,32999,2,,,,,,
22-07-2024,39635,12,0,39647,0,,,,,,
23-07-2024,21171,426,57,21597,10,,,,,,
15-07-2022,26629,270,11,26899,0,,,,,,
15-05-2023,23296,226,99,23522,24,,,,,,
02-02-2024,23355,100,91,23455,19,,,,,,
25-04-2023,39805,337,61,40142,0,,,,,,
09-02-2022,21439,187,0,21626,0,,,,,,
05-02-2022,36742,373,35,37115,4,,,,,,
08-07-2022,32912,533,92,33445,9,,,,,,
19-07-2024,38009,360,38,38369,0,,,,,,
08-06-2022,30716,178,43,30894,7,,,,,,
08-01-2023,20355,300,27,20655,0,,,,,,
08-06-2023,22408,162,14,22570,0,,,,,,
31-03-2022,22768,395,8,23163,0,,,,,,
17-07-2024,24168,443,17,24611,7,,,,,,
10-12-2023,31406,155,9,31561,0,,,,,,
23-06-2024,34220,495,20,34715,0,,,,,,
14-10-2022,22123,250,87,22373,1,,,,,,
28-02-2024,26741,274,48,27015,5,,,,,,
08-11-2023,34557,369,20,34926,0,,,,,,
27-01-2023,37782,194,1,37976,0,,,,,,
22-08-2023,28998,240,95,29238,6,,,,,,
17-03-2024,39722,41,0,39763,0,,,,,,
27-08-2023,32578,474,16,33052,3,,,,,,
18-06-2022,35789,38,0,35827,0,,,,,,
17-10-2022,38781,384,72,39165,6,,,,,,
10-10-2024,39397,30,0,39427,0,,,,,,
29-10-2022,30140,397,20,30537,0,,,,,,
26-06-2022,39123,193,67,39316,0,,,,,,
14-01-2024,22534,294,7,22828,0,,,,,,
01-04-2023,24431,521,94,24952,36,,,,,,
12-06-2023,29487,44,0,29531,0,,,,,,
06-09-2022,32199,160,39,32359,2,,,,,,
09-09-2022,34992,446,52,35438,0,,,,,,
05-08-2023,29839,179,100,30018,22,,,,,,
21-08-2023,22432,249,40,22681,0,,,,,,
08-02-2022,23121,31,0,23152,0,,,,,,
23-03-2022,37009,489,23,37498,0,,,,,,
25-05-2022,37874,319,9,38193,0,,,,,,
30-12-2023,38524,474,89,38998,4,,,,,,
28-02-2023,24614,202,36,24816,0,,,,,,
02-02-2022,22529,456,99,22985,14,,,,,,
04-07-2024,35860,298,3,36158,0,,,,,,
30-08-2022,25021,425,80,25446,13,,,,,,
18-07-2023,34592,544,68,35136,0,,,,,,
09-08-2022,36192,111,12,36303,0,,,,,,
18-09-2023,35222,231,56,35453,0,,,,,,
20-02-2022,25506,493,82,25999,0,,,,,,
